{
  "name": "Bronobi",
  "characterPreset": "Bronobi",
  "parameters": {
    "BetterAnimation": true,
    "Avatar": "avatar_Bronobi.png",
    "GunSpriteOffset": {
      "x": 4,
      "y": -1
    }
  },
  "abilities": {
    "BronobiForceWave": [ "UseSpecial" ]
  },
  "beforeAwake": {
    "_jumpForce": 300,
    "speed": 130,
    "fireRate": 0.2,
    "canChimneyFlip": true
  },
  "afterAwake": {},
  "beforeStart": {},
  "afterStart": {
    "sprite": "Bronobi_anim.png",
    "gunSprite": "Bronobi_gun_anim.png"
  },
  "cutscene": {
    "heading": "Bronobi",
    "subtitle1": "Joins the Battle!",
    "subtitle2": "",
    "headingScale": 0.15,
    "subtitleScale": 0.1,
    "playCutsceneOnFirstSpawn": false,
    "spritePath": "",
    "spriteSize": {
      "x": 0.0,
      "y": 0.0
    },
    "spriteRect": {
      "x": 0.0,
      "y": 0.0,
      "width": 0.0,
      "height": 0.0
    },
    "spriteAnimRateFramesWidth": {
      "x": 0.0,
      "y": 0.0,
      "z": 0.0
    },
    "barkPath": "",
    "fanfarePath": "",
    "anim": "",
    "playDefaultFanfare": true
  }
}