{
  "name": "Bronobi",
  "characterPreset": "Bronobi",
  "parameters": {
    "BetterAnimation": true,
    "Avatar": "avatar_Bronobi.png",
    "SpecialIcons": "Bronobi_ammo.png",
    "Sprite": "Bronobi_anim.png",
    "GunSprite": "Bronobi_gun_anim.png",
    "SpecialIconSpacing": 6,
    "GunSpriteOffset": {
      "x": 4,
      "y": -1
    }
  },
  "abilities": {
  },
  "beforeAwake": {
    "_jumpForce": 300,
    "speed": 130,
    "fireRate": 0.2,
    "canChimneyFlip": true,
    "gunGrabSprite": "Bronobi_gun_grab_anim.png",
    "originalSpecialAmmo": 2,

    "_waveTexture": "BronobiForceWave.png",
    "_controlTime": 10

  },
  "afterAwake": {},
  "beforeStart": {},
  "afterStart": {
  },
  "cutscene": {
    "playCutsceneOnFirstSpawn": true,
    "heading": "Bronobi",
    "headingScale": 0.20,
    "headingColor": {
      "r": 0.925,
      "g": 0.016,
      "b": 0.082,
      "a": 1.0
    },

    "subtitle1": "",
    "subtitle1Color": {
      "r": 0.278,
      "g": 0.376,
      "b": 0.953,
      "a": 1.0
    },
    "subtitleScale": 0.1,

    "hasSecondSubtitle": true,
    "subtitle2": "i have the high ground",
    "subtitle2Color": {
      "r": 0.278,
      "g": 0.753,
      "b": 0.953,
      "a": 1.0
    },
    "subtitle2Scale": 0.9,

    "spritePath": "Bronobi_Cutscene.png",
    "spriteSize": {
      "x": 0.0,
      "y": 0.0
    },
    "spriteRect": {
      "x": 0.0,
      "y": 0.0,
      "width": 256,
      "height": 256
    },
    "isAnimated": true,
    "animationLoop": false,
    "animationPingPong": false,
    "animationStartDelay": 0.5,
    "spriteAnimRateFramesWidth": {
      "FrameRate": 0.08,
      "TotalFrames": 6,
      "FrameWidth": 42.5
    },
    "barkPath": "",
    "playDefaultFanfare": true,
    "fanfarePath": "",
    "anim": "",
    "backgroundPath": ""
  }
}