{
    "Name": "Bronobi",
    "Version": "1.0.0",
    "BroMakerVersion": "2.5.0",
    "Author": "Gorzontrok",

    "CustomBros":[
        "Bronobi.json"
    ],
    "Assemblies": [
        "Bronobi.dll"
    ],
    "Abilities": [
        {
          "name": "BronobiMindControlWave",
          "preset": "MindControlWave",
          "beforeAwake": {
            "waveTexture": "BronobiForceWave.png",
            "controlTime":  10
          }
        },
        {
          "name": "BronobiForceWave",
          "preset": "ForceWave",
          "beforeAwake": {
            "forceWaveTexture": "BronobiForceWave.png"
          }
        }
    ]
}